builder,builder_pubkey
beaverbuild,0x96a59d355b1f65e270b29981dd113625732539e955a1beeecbc471dd0196c4804574ff871d47ed34ff6d921061e9fc27
beaverbuild,0xb5d883565500910f3f10f0a2e3a031139d972117a3b67da191ff93ba00ba26502d9b65385b5bca5e7c587273e40f2319
beaverbuild,0xa21a2f4807a2bcb6b07c10cea241322e0910c30869c1e4eda686b0d69bdcb74d2a140ef994afcf0bb38e0b960df4d2ee
beaverbuild,0xacb407cfb554255db2fbbb320f79bb7f1cc1e8d2dc43324e8e31baafd0836340d49c43eebc51828f53bf6d364f9ac207
beaverbuild,0xaec4ec48c2ec03c418c599622980184e926f0de3c9ceab15fc059d617fa0eafe7a0c62126a4657faf596a1b211eec347
beaverbuild,0x8dde59a0d40b9a77b901fc40bee1116acf643b2b60656ace951a5073fe317f57a086acf1eac7502ea32edcca1a900521
Titan,0x8c4ed5e24fe5c6ae21018437bde147693f68cda427cd1122cf20819c30eda7ed74f72571f003f7a9
Titan,0x853b0078c722ade5dd089dd9ce2eea3890dcc825213231600b3023ab92aa3e835c5325f31515b82a9a0559c881a14cde
Titan,0x852b0070e2522fcb06dcb159fabcdc7a4b5e1221cc2a56b083577cce03e50afe1b699c5a1111eb3bb1b8684aa90a8333
Titan,0x856b00042301181ccf5277309c6f44595e343a284187bfe9868d6812e46fba21831fecbe8b0e6814c1463ba540ac3f46
Titan,0x850b00e055388c1b56f137e0852bc02d8b05534e9f96dd1d11cff8cf0481b800ecc2e708cdc158cd95b7cfdaa6840ee7
Titan,0x855b00e6b2c5dd524d2689bd43e0a965262810cbd7a2c71166f53594fb01bba8151bdd6a09ddb0408f7063b17eb3742e
Flashbots,0xb58080ea0657123c7d3b696d4832b6265fb856788f1df419bf6f907b9ca4e8fca721e501f81efa552b765e48f53657fe
rsync-builder,0xa230e2cffb0ddf352cd2986e8a3a4c7ffd0b11ccaa442ff505aa770a91e3db6fcb2c0b75056f12974ca91b9a36ca0e98
bloXroute,0xb211df498dfd8b1956252efa4caa81c351a4dde4a50237b3b62034df1881067aede88886053247450ea41b60cc96df7c
bloXroute,0x860d4173f53be0fe5aa523bf77156ea41aad8a3b3f06e0f2ced30b64c1ba84971b0b42516d5fab95cee5888e94cce153
Flashbots (BuilderNet),0xb7c5beef142c8ff6440e4b7cf2b3efb8e4fbe3a76acf6ed20d69717a46adf9f8bbefb502828d7234a4d3fd03597bd601
Flashbots (BuilderNet),0xb7c5e609f8a0d2ea9417db59e8e97fae9846f90a663c7577ed83ab5f740c3a6ed5b6259a2a50e9060ac0bb04eb4a9267
Flashbots (BuilderNet),0xb7c5fbdde8ca800875d7aac708761e07486fbab117af3826c48a6c287bc52ab1ae7320bf7b9701467a9bdc7b43aaddba
Flashbots (BuilderNet),0xb7c5beefbaea0b050764617a764d571929a8a250e9e1226a3c31c738d05ea1fc8b3f2d455e15d623f6a64d52e4f84761
Flashbots (BuilderNet),0xb7c5c39a33bbcdd2c1a3742e277a69e95195b0fbaf7db44a5156aba8bbf547a3f154726a50d27af3f891b545f47de17b
BuildAI,0x99dbe3e862bf3a0b874e911a266ebe80d96feaab33f098169b7bc6db832816e4fc1706577bc1f1baf94f89245d40da96
Blocknative,0xb26f96664274e15fb6fcda862302e47de7e0e2a6687f8349327a9846043e42596ec44af676126e2cacbdd181f548e681
f1b.io,0x85fb050338d0c7577553d337106cd10463eb642826b04205e167a4b21746634600ec15794fffa2e74e292c594d1a8933
Antbuilder,0xb066a09b52c583db4c8bb1eba3c629f20b96d6f9a355b0615da653c8dbc136b85f467e77a4225cde9eadcd45f8693900
penguinbuild,0x93cd1a861144b63caced6c4c3b99ff32342e45bc0dbc1f24dc646341ddc3f5c09765860310fa4c5840985d7e76df7b9a
eth-builder.com,0x8a85062118e29045e8b199723d9af519b0c071d9e7586fa89733e798536d4637f8545a169012cc1b76005d9453603273
JetBuilder,0xaceaea9fb568867260485147a02ca12f9d381e4f827c94ae3c0d700c185e53d2837f66825b6b94ba2c497f7f24e300d2
Manifold,0x8cafae64383b537561650b2e3893c126d1da86eb43c04e690fcead76cc6512c022873241c2630b099d13868f9b01dc17
spiderbuilder.net,0xb67eaa5efcfa1d17319c344e1e5167811afbfe7922a2cf01c9a361f465597a5dc3a5472bd98843bac88d2541a78eab08
EigenPhi,0x8ce394772a16ce390c6c318d524206f1eef365a9e49807519f507f74a18781a07cf5ca9249e9786cc7e33c2ab61e4600
Lightspeed,0x916b1a27b5476e96fea18bb07d8d70bc7c1dbbe52317578d695342c5d2d554a14fff7bd8fb416cbf2b6dbd09d82f003a
bobTheBuilder,0x8b8edce58fafe098763e4fabdeb318d347f9238845f22c507e813186ea7d44adecd3028f9288048f9ad3bc7c7c735fba
Eden Network,0x88a53ec4422f50238def5696446e06acd076f94d73c76e51449cf82eb5312dcb8a845a6c3199ce35de3f2b0441deb76b
Payload.de,0x823e0146b1a5bfc5d4391f7f4391b4f170693369a2350c676238fb1bef4b2dc99bb99307f77e084920cdc7721c80b8df
Builder0x69,0x94e8a3397f2faa7a0276e61eb60d16422e8ccb86d239a51a189afe11c8717d49e1cd0945c5ff3a9a28f8002e6d353920
Nfactorial,0x8db2a99d06eb076ab83049c2dfed5725ed5cf35772071f43365399ad32e505f0e3ff1e14b9686cd74562dc50c282be26
TeeBee,0x91a8729e2f6f7442c8c0a14500478441878faf69abe2e3f45a9ea3fbaac6b839774d57a08a1245cb03218e8ad8c6851d
